{
  "_id": {
    "$oid": "5fd81c0e1edf62e1bbce4dec"
  },
  "properties": [{
    "商品名称": "露肚脐衣服高腰上衣短款T恤女短袖韩版学生ins宽松半袖夏季漏脐装 白色(我无法使每个人开心) S 建议88斤以下"
  }, {
    "商品编号": "54319266629"
  }, {
    "店铺": " 景博（都昌）服饰专营店"
  }, {
    "商品毛重": "1.5kg"
  }, {
    "货号": "2391626053"
  }, {
    "材质": "其它"
  }, {
    "版型": "宽松型"
  }, {
    "风格": "韩版"
  }, {
    "组合形式": "其它"
  }, {
    "上市时间": "2019年夏季"
  }, {
    "领型": "圆领"
  }, {
    "袖长": "短袖"
  }, {
    "流行元素": "印花"
  }, {
    "适用年龄": "17周岁以下"
  }, {
    "袖型": "其它"
  }, {
    "图案文化": "创意"
  }, {
    "图案": "大花"
  }, {
    "衣长": "短款"
  }, {
    "commentCount": "2"
  }, {
    "goodCount": "1"
  }, {
    "generalCount": "0"
  }, {
    "poorCount": "0"
  }, {
    "尺码": "S"
  }, {
    "颜色": "白"
  }],
  "分类": "女,上衣,T恤,",
  "images": ["https://img14.360buyimg.com/n1/s350x449_jfs/t1/63992/29/6609/139142/5d4cb536Ee0ec977b/8967ab831582ceb4.jpg!cc_350x449.jpg"],
  "name": "露肚脐衣服高腰上衣短款T恤女短袖韩版学生ins宽松半袖夏季漏脐装 白色(我无法使每个人开心) S 建议88斤以下",
  "createtime": {
    "$date": {
      "$numberLong": "1607998478317"
    }
  }
}
